<?xml version="1.0" encoding="UTF-8"?>
<root>
  <item name="ru.mobileup.admodule.Ad int getPlacementType()">
    <annotation name="androidx.annotation.IntDef">
      <val name="value" val="{ru.mobileup.admodule.Ad.AD_PLACEMENT_TYPE_PREROLL, ru.mobileup.admodule.Ad.AD_PLACEMENT_TYPE_POSTROLL, ru.mobileup.admodule.Ad.AD_PLACEMENT_TYPE_PAUSEROLL, ru.mobileup.admodule.Ad.AD_PLACEMENT_TYPE_MIDROLL}" />
    </annotation>
  </item>
  <item name="ru.mobileup.admodule.Ad ru.mobileup.admodule.Ad newEmptyAd(int, java.lang.String, ru.mobileup.admodule.AdManager, int) 0">
    <annotation name="androidx.annotation.IntDef">
      <val name="value" val="{ru.mobileup.admodule.Ad.AD_PLACEMENT_TYPE_PREROLL, ru.mobileup.admodule.Ad.AD_PLACEMENT_TYPE_POSTROLL, ru.mobileup.admodule.Ad.AD_PLACEMENT_TYPE_PAUSEROLL, ru.mobileup.admodule.Ad.AD_PLACEMENT_TYPE_MIDROLL}" />
    </annotation>
  </item>
  <item name="ru.mobileup.admodule.Ad.AdInfo int getType()">
    <annotation name="androidx.annotation.IntDef">
      <val name="value" val="{ru.mobileup.admodule.Ad.AdInfo.TYPE_LINEAR_VIDEO, ru.mobileup.admodule.Ad.AdInfo.TYPE_NO_BANNER}" />
    </annotation>
  </item>
  <item name="ru.mobileup.admodule.Ad.AdInfo.Type">
    <annotation name="androidx.annotation.IntDef">
      <val name="value" val="{ru.mobileup.admodule.Ad.AdInfo.TYPE_LINEAR_VIDEO, ru.mobileup.admodule.Ad.AdInfo.TYPE_NO_BANNER}" />
    </annotation>
  </item>
  <item name="ru.mobileup.admodule.AdManager ru.mobileup.admodule.Ad addNewEmptyAd(int, java.lang.String) 0">
    <annotation name="androidx.annotation.IntDef">
      <val name="value" val="{ru.mobileup.admodule.Ad.AD_PLACEMENT_TYPE_PREROLL, ru.mobileup.admodule.Ad.AD_PLACEMENT_TYPE_POSTROLL, ru.mobileup.admodule.Ad.AD_PLACEMENT_TYPE_PAUSEROLL, ru.mobileup.admodule.Ad.AD_PLACEMENT_TYPE_MIDROLL}" />
    </annotation>
  </item>
</root>

